2463	74455	-0.000016682	74455	-0.000016682	1	-18.201023571	-0.000016670	74455:-0.000017	248068:-11.743270	248045:-12.356145	17313:-13.009679	69267:-14.307115	248059:-15.828146	846:-16.029151	20732:-16.431604	36151:-16.519012	110257:-16.551646	54625:-16.938863	8678:-17.422622	60197:-18.107976	248046:-18.201024	108875:-18.384106	2788:-18.462028	57167:-18.487994	86040:-18.635671	53125:-18.785039	28432:-18.866060
2464	198	-0.000926440	198	-0.000926440	1	-11.073417132	-0.000910921	198:-0.000926	248068:-7.197332	29:-10.676749	9:-10.901454	271:-11.027454	248046:-11.073417	25:-11.395213	2228:-11.604723	91:-11.644668	695:-12.086378	12:-12.273848	62:-12.418619	262:-12.469511	90:-12.700075	28:-12.906914	248044:-12.924482	27:-13.031814	7:-13.050691	14:-13.073152	197:-13.099057
2465	248068	-0.000000000	248068	-0.000000000	1	-24.814664841	-0.000000000	248068:-0.000000	4754:-23.838034	248058:-23.916437	248059:-24.503382	248046:-24.814665	71093:-24.896342	248069:-25.580164	248045:-26.179790	31012:-26.546395	13215:-27.274879	16:-27.381420	248066:-27.726621	90:-27.871608	22532:-28.333817	75714:-28.378637	22257:-28.847240	2164:-28.943409	248044:-29.194740	2827:-29.246361	9764:-29.286477
2466	271	-9.202757164	198	-0.000109001	0	-12.215418145	-9.202752211	198:-0.000109	271:-9.202757	248046:-12.215418	248044:-14.131853	248069:-14.512114	2228:-15.177556	60:-16.116567	695:-16.262696	317:-16.797192	248045:-16.983400	1358:-17.206065	30:-17.481753	1639:-17.513399	1596:-17.638209	220:-17.695264	197:-17.831970	25:-17.832384	9:-17.995161	8:-18.090438	248068:-18.107335
2467	248069	-0.000000002	248069	-0.000000002	1	-21.880895617	-0.000000002	248069:-0.000000	510:-20.584259	248046:-21.880896	71093:-23.027069	248058:-23.587204	1076:-23.722536	7895:-23.734726	23400:-23.736541	61206:-24.217092	51448:-24.343708	13475:-24.647299	248045:-25.046611	9:-25.079718	92:-25.269793	27:-25.356389	9200:-25.629618	248059:-25.771477	10638:-25.847368	248048:-26.333607	49528:-26.574350
2468	271	-0.000018113	271	-0.000018113	1	-12.866202347	-0.000015529	271:-0.000018	1358:-11.184072	248046:-12.866202	987:-13.513474	198:-16.291536	4558:-16.740798	248044:-17.002498	14200:-17.524810	4754:-18.122811	18050:-18.961768	4969:-18.963176	25952:-19.190166	76374:-19.309214	90:-19.689631	6987:-20.159434	33438:-20.312985	13488:-20.381974	5046:-20.421897	23840:-20.486264	71093:-20.491584
2470	198	-0.001656977	198	-0.001656977	1	-7.402730432	-0.001047205	198:-0.001657	248046:-7.402730	328:-7.527291	271:-8.519800	220:-10.081658	256:-10.471528	31012:-10.617896	695:-10.796665	262:-10.902572	2228:-10.950623	5134:-11.206495	27:-11.337841	1:-11.402428	4754:-11.607191	16:-11.930778	92:-12.129001	248044:-12.166094	1358:-12.489946	5690:-12.860387	731:-13.010810
2471	220	-0.014900950	220	-0.014900950	1	-15.873989847	-0.014900822	220:-0.014901	1:-4.356324	328:-6.592555	262:-7.968332	31012:-10.850570	197:-11.048987	39441:-11.152187	4754:-11.290286	256:-11.520055	5134:-11.758576	2228:-11.945119	92:-11.989355	69703:-12.039752	54797:-12.101170	59464:-12.236224	9726:-12.438187	30450:-12.476521	2005:-12.495534	27761:-12.516654	93767:-12.529115
2472	328	-0.000034799	328	-0.000034799	1	-17.648386469	-0.000034778	328:-0.000035	5134:-11.351420	5036:-12.122193	8728:-12.334315	12880:-13.814842	1535:-13.866684	2823:-14.035137	7018:-14.048794	10232:-14.146640	5046:-14.250273	31012:-14.364712	3919:-14.680088	15430:-14.732921	313:-14.832995	65667:-14.846415	13470:-14.966937	1001:-15.048935	7111:-15.135508	52893:-15.275641	8168:-15.351076
2473	31012	-0.000311889	31012	-0.000311889	1	-20.474740066	-0.000311888	31012:-0.000312	4958:-8.389865	2374:-10.457332	36901:-11.842916	267:-11.965790	5134:-12.277256	23326:-12.368894	22532:-13.027300	763:-13.092399	3885:-13.116094	16:-13.347961	9082:-13.514088	50396:-13.586610	12034:-13.724996	3595:-13.834854	2738:-14.052057	2388:-14.266549	85994:-14.475949	7821:-14.612915	22257:-14.688750
2474	763	-0.000043196	763	-0.000043196	1	-18.417558474	-0.000043186	763:-0.000043	8631:-10.807438	19239:-12.624315	498:-12.988870	1:-13.333927	58:-13.709556	487:-13.947310	12649:-14.098277	11356:-14.292304	54639:-14.527200	4961:-14.557386	25:-14.587261	1170:-15.069958	731:-15.390056	1951:-15.414735	1590:-15.481649	16:-15.562814	5491:-15.593447	35580:-15.709909	198:-15.802441
2475	498	-0.000691197	498	-0.000691197	1	-18.390006803	-0.000691187	498:-0.000691	9774:-7.625441	75994:-9.726933	4177:-9.823886	4241:-10.397490	313:-10.712205	58:-11.946898	695:-12.257088	220:-12.321015	198:-12.768961	328:-12.821933	10232:-12.926951	819:-13.548951	2958:-13.582781	81592:-14.064933	15824:-14.133092	38067:-14.240122	1088:-14.394391	7111:-14.607184	90581:-14.862813
2476	198	-0.000006230	198	-0.000006230	1	-13.725597890	-0.000005136	198:-0.000006	271:-13.561807	248046:-13.725598	1143:-14.598019	262:-14.684319	498:-15.019515	4241:-15.117045	695:-15.306395	248044:-15.693028	15:-15.812295	16:-15.850518	256:-16.006292	487:-16.022969	2228:-16.352665	1031:-16.620094	2827:-16.676805	285:-17.159016	257:-17.264483	9774:-17.281130	58:-17.308607
2477	262	-0.000378177	262	-0.000378177	1	-17.588958308	-0.000378154	262:-0.000378	220:-9.017215	58:-9.344580	1143:-9.405766	406:-10.732028	256:-11.204621	285:-11.415465	4241:-11.807652	257:-12.031363	309:-12.360574	498:-13.081660	197:-13.295902	12623:-13.556309	1031:-13.602387	1:-13.723235	670:-13.944640	9774:-14.028075	90:-14.077561	71093:-14.554100	1249:-14.599173
2478	4241	-0.248944155	4241	-0.248944155	1	-19.013531557	-0.248944149	4241:-0.248944	498:-1.532826	9774:-5.851325	313:-7.389888	328:-8.317584	2958:-8.839150	5046:-8.889995	10232:-8.925309	59670:-9.782978	75994:-9.839471	1143:-10.444606	819:-10.515683	4177:-10.980574	15824:-11.648108	81123:-11.964357	90581:-12.025002	38067:-12.041955	17915:-12.365905	220:-12.457546	2429:-12.471696
2479	32	-0.000380412	32	-0.000380412	1	-16.872330561	-0.000380365	32:-0.000380	33:-9.395999	64:-9.563162	7664:-10.423766	34:-10.600529	58:-10.784120	357:-10.983804	487:-11.898701	767:-12.005862	16:-12.011369	15:-12.086059	902:-12.245828	59:-12.524854	787:-12.590034	27:-12.653161	66:-12.760065	1:-12.772633	35:-13.059680	611:-13.125831	2:-13.143428
2480	7664	-0.004594072	7664	-0.004594072	1	-17.622719510	-0.004594049	7664:-0.004594	487:-5.426978	2129:-9.764606	1293:-10.674009	11:-11.163600	1:-11.203223	7904:-11.361599	3842:-11.508676	1089:-11.841567	3953:-11.966619	417:-12.552509	13933:-12.560848	25:-12.802407	93482:-12.886926	5348:-13.077179	7428:-13.466294	1639:-13.666682	318:-13.688522	26641:-13.721903	61476:-13.796670
2481	198	-0.000039766	198	-0.000039766	1	-12.972181032	-0.000037442	198:-0.000040	695:-11.418541	4241:-11.708650	59:-12.381907	248046:-12.972181	498:-13.463578	262:-13.541073	58:-14.000652	1143:-14.050096	328:-14.178449	309:-14.401556	271:-14.482759	1088:-14.511945	406:-14.632404	256:-14.977951	285:-15.021845	487:-15.142491	670:-15.324961	493:-15.511154	2228:-15.551989
2482	262	-0.000081733	262	-0.000081733	1	-16.151672081	-0.000081637	262:-0.000082	1143:-10.981250	285:-11.477262	220:-12.061062	406:-12.112036	58:-12.356178	256:-12.370454	4241:-12.753287	257:-12.795532	1031:-12.810334	1076:-13.326973	309:-13.373727	32:-13.709709	1:-13.786723	71093:-14.051885	197:-14.379477	27:-14.508711	248069:-14.753481	950:-14.785991	670:-14.861451
2483	4241	-0.000294979	4241	-0.000294979	1	-20.315568264	-0.000294978	4241:-0.000295	498:-8.315004	1143:-11.090547	9774:-11.097435	328:-12.492080	75994:-12.736167	2429:-13.113447	2958:-13.252468	5046:-13.312726	357:-13.733394	15824:-14.075692	59670:-14.454303	27059:-14.763663	78460:-14.830260	18492:-14.836688	9758:-14.874381	81123:-14.974231	4177:-15.333307	313:-15.576367	819:-16.046352
2484	32	-0.001009275	32	-0.001009275	1	-21.146023084	-0.001009274	32:-0.001009	33:-6.984209	34:-10.124796	1803:-10.610380	487:-12.544264	64:-12.595398	357:-13.419176	1:-14.475294	24606:-14.523228	65:-14.681414	35:-14.847550	58:-14.869294	5649:-15.272727	5840:-15.397495	6844:-15.511410	16:-15.564331	36:-15.608332	59:-15.803616	9798:-15.826032	66:-15.998347
2485	487	-0.000831027	487	-0.000831027	1	-19.130371947	-0.000831022	487:-0.000831	2129:-7.430700	7664:-8.596759	11:-11.561756	7904:-11.930934	1:-11.948270	1609:-12.227954	417:-12.729949	504:-13.423770	1293:-13.436084	7428:-13.570891	3842:-13.977826	15738:-14.033597	9059:-14.041641	1288:-14.202949	13933:-14.287339	3544:-14.323848	1722:-14.427189	33:-14.537883	61442:-14.620828
2486	328	-0.000027789	328	-0.000027789	1	-15.958391322	-0.000027672	328:-0.000028	198:-11.618485	417:-12.563182	7018:-13.141996	220:-13.366992	4241:-13.414555	33:-13.816293	1535:-14.551467	695:-14.645389	2823:-14.795516	359:-14.795735	1001:-15.007280	2423:-15.041769	10232:-15.043726	16:-15.219459	3544:-15.321488	197:-15.356439	1088:-15.378216	5046:-15.412835	1089:-15.415950
2487	33	-0.000054553	33	-0.000054553	1	-18.130412295	-0.000054539	33:-0.000055	34:-10.796243	65:-10.928693	32:-12.398348	35:-13.138643	1803:-13.248281	4738:-13.560464	9798:-14.137729	417:-14.186530	7664:-14.641607	16:-14.836159	902:-15.087331	36:-15.330878	17:-15.504536	66:-16.074506	39:-16.241515	3446:-16.495442	45:-16.511777	15:-16.519729	12424:-16.568709
2488	7664	-0.000082279	7664	-0.000082279	1	-15.335316921	-0.000082060	7664:-0.000082	487:-10.256544	3842:-10.894645	1293:-11.434735	13933:-11.529262	1:-13.079611	2129:-13.838675	1089:-14.571113	3953:-14.615275	351:-14.833655	93482:-14.999834	5348:-15.023745	248046:-15.335317	198:-15.427647	55786:-15.735140	26641:-15.803059	11:-15.817258	731:-15.847264	61476:-15.936920	16:-16.296179
2489	198	-0.000005295	198	-0.000005295	1	-13.796229889	-0.000004275	198:-0.000005	248046:-13.796230	695:-14.253488	487:-15.157802	271:-15.385833	58:-15.668459	59:-15.717205	1076:-15.955981	18:-16.065357	262:-16.185615	16:-16.314025	11:-16.471331	34:-16.472728	4241:-16.540903	2228:-16.771501	1031:-16.900507	498:-16.971435	15:-16.982260	5690:-17.206354	17:-17.233170
2490	262	-0.000052070	262	-0.000052070	1	-15.956465339	-0.000051952	262:-0.000052	285:-12.303684	1031:-12.392884	1143:-12.413972	257:-12.641103	256:-12.796207	220:-12.844845	406:-12.900964	1076:-13.073276	32:-13.115987	58:-13.362887	4241:-13.836094	309:-14.005906	71093:-14.014861	16:-14.688727	15:-14.846018	27:-14.987239	2228:-15.067682	248069:-15.081999	1:-15.100945
2491	4241	-0.000157711	4241	-0.000157711	1	-18.844101307	-0.000157705	4241:-0.000158	498:-9.008445	9774:-11.427035	1143:-12.020898	5046:-12.082584	2958:-12.905364	2429:-13.517329	75994:-13.579548	328:-14.001888	313:-14.027292	357:-14.173370	59670:-14.366367	15824:-14.392868	18492:-14.645919	27059:-14.811639	81123:-15.137945	4177:-15.190967	9758:-15.844317	46571:-15.893085	17915:-16.048986
2492	32	-0.002654929	32	-0.002654929	1	-20.446357150	-0.002654928	32:-0.002655	34:-6.125957	33:-7.731190	487:-12.130557	24606:-12.971029	64:-13.185619	357:-13.656759	1:-13.775995	35:-14.185224	66:-14.405397	58:-14.429578	36:-15.070635	90:-15.107738	16:-15.172722	46:-15.336036	42:-15.447623	1143:-15.539063	39:-15.558449	28180:-15.632097	59:-15.659686
2493	487	-0.000029495	487	-0.000029495	1	-19.138757160	-0.000029490	487:-0.000029	2129:-11.568679	1:-11.926386	7664:-12.119092	1293:-13.520086	11:-13.629967	504:-13.884221	417:-14.257844	9059:-15.391435	3158:-15.521035	15738:-15.608061	61442:-15.697823	13933:-15.824054	3544:-16.162727	7904:-16.193068	56010:-16.249850	1609:-16.405736	731:-16.458780	1288:-16.465886	7428:-16.485993
2494	328	-0.000010032	328	-0.000010032	1	-17.611244696	-0.000010009	328:-0.000010	7018:-12.710070	417:-14.175345	359:-14.476887	4241:-14.652737	3544:-14.727015	1535:-14.806392	7111:-14.877984	198:-14.954344	487:-15.180182	220:-15.243750	2423:-15.294180	2823:-15.686734	1001:-15.743838	1:-15.749345	5036:-15.775881	37431:-15.818364	695:-15.857974	1088:-16.042935	498:-16.215961
2495	33	-0.000254905	33	-0.000254905	1	-22.731069124	-0.000254905	33:-0.000255	34:-8.334167	65:-12.695712	32:-12.938306	4738:-13.081097	43:-13.760468	417:-14.390958	49:-14.584665	35:-14.727323	39:-14.833988	45:-14.880893	37:-15.189899	36:-15.280885	50:-15.417338	44:-15.446119	17:-15.772537	53:-15.950753	16:-16.150120	6844:-16.224939	57:-16.227063
2496	487	-0.000037301	487	-0.000037301	1	-17.891535390	-0.000037284	487:-0.000037	7664:-11.280810	2129:-11.937275	11:-12.037622	1:-12.983819	1293:-13.341705	504:-13.443614	351:-13.862910	9059:-14.555535	15738:-14.893254	10962:-15.112898	34:-15.229217	3544:-15.281942	13933:-15.443601	3709:-15.501804	56010:-15.718805	32478:-15.732719	7561:-15.941200	44773:-15.945174	1089:-16.036954
2497	328	-0.000021195	328	-0.000021195	1	-15.473964905	-0.000021005	328:-0.000021	351:-12.271105	7018:-12.323853	1535:-12.924000	198:-14.015450	4241:-14.210894	2823:-14.229601	2423:-14.260071	1001:-14.590174	37431:-14.643342	359:-14.891175	220:-15.305605	1088:-15.351903	695:-15.433749	248046:-15.473965	3544:-15.496809	5036:-15.508682	3405:-15.605942	5046:-15.682755	71505:-15.842029
2498	34	-0.000075309	34	-0.000075309	1	-18.811052768	-0.000075302	34:-0.000075	32:-10.630729	35:-11.383702	33:-11.433064	66:-12.254824	3580:-12.986891	36:-13.015578	351:-13.200454	7664:-13.533099	6281:-13.735024	43:-13.898078	4887:-14.026832	94381:-14.301921	37:-14.415742	38:-14.867268	39:-14.887698	42:-14.982150	8533:-15.228637	45:-15.338025	12607:-15.370069
2499	7664	-0.000062028	7664	-0.000062028	1	-14.475199739	-0.000061511	7664:-0.000062	1293:-10.778613	487:-10.979561	3842:-11.896820	1:-12.411397	1089:-12.964555	13933:-13.508307	3953:-13.605311	351:-14.401677	248046:-14.475200	198:-14.644368	55786:-14.863161	16:-15.012340	2129:-15.064729	5348:-15.239758	93482:-15.251267	61476:-15.591144	26641:-15.599793	17:-15.789140	731:-15.987199
2500	198	-0.000007045	198	-0.000007045	1	-13.897534739	-0.000006124	198:-0.000007	248046:-13.897535	695:-14.318919	271:-14.521205	487:-14.909503	34:-15.270604	11:-15.327830	262:-15.383241	16:-15.589136	59:-15.612477	1076:-16.037256	58:-16.089552	15:-16.124051	17:-16.359004	18:-16.467924	32:-16.596963	2228:-16.644801	22:-16.704036	19:-16.843820	1143:-16.855652
2501	262	-0.000103274	262	-0.000103274	1	-16.292829790	-0.000103190	262:-0.000103	1143:-11.490448	285:-11.594052	1031:-11.596675	220:-11.597130	406:-11.921978	256:-12.001118	58:-12.410816	257:-12.837729	1076:-13.044024	33:-13.100014	32:-13.271515	4241:-13.389840	71093:-13.417134	309:-13.505549	2228:-13.899569	5690:-14.138203	1:-14.189278	27:-14.301546	31543:-14.332388
2502	4241	-0.000309852	4241	-0.000309852	1	-21.037519362	-0.000309851	4241:-0.000310	498:-8.249535	9774:-11.132625	2958:-11.937043	5046:-12.178282	2429:-12.181692	75994:-12.490219	1143:-12.840824	81123:-13.228045	59670:-13.626891	313:-14.122051	27059:-14.480027	18492:-14.516936	15824:-14.524316	4177:-14.577217	78460:-14.602309	328:-14.825524	819:-15.291364	357:-15.445430	3376:-15.490464
2503	33	-0.037031210	33	-0.037031210	1	-18.506310976	-0.037031200	33:-0.037031	32:-3.345198	34:-6.977758	35:-10.548660	487:-10.791934	4738:-11.087618	65:-11.588154	417:-11.884085	24606:-12.044455	1:-12.171513	36:-12.444651	58:-12.615966	16:-12.783446	1803:-12.887457	64:-12.905333	59:-13.079437	46:-13.118519	49:-13.313664	39:-13.389305	90:-13.482999
2504	487	-0.000081640	487	-0.000081640	1	-16.592679602	-0.000081578	487:-0.000082	7664:-10.435171	2129:-10.592430	1:-12.096893	1293:-12.367765	11:-12.671341	351:-13.709696	10962:-13.768327	504:-13.881042	3544:-14.167221	892:-14.289712	9059:-14.508968	13933:-14.688032	44773:-14.713570	15738:-14.981228	1639:-15.016395	56010:-15.156707	7415:-15.253688	45279:-15.432270	26641:-15.501319
2505	328	-0.000008959	328	-0.000008959	1	-17.080816645	-0.000008921	328:-0.000009	198:-13.372054	7018:-13.693140	4241:-13.954521	7111:-14.514240	359:-14.658334	1535:-14.674092	2423:-15.027590	351:-15.045036	498:-15.205264	2823:-15.318320	5046:-15.434074	313:-15.488329	1001:-15.544379	695:-15.555398	220:-15.573245	1088:-15.727949	37431:-15.967315	8728:-16.544988	5036:-16.568595
2506	34	-0.001783816	34	-0.001783816	1	-19.404803245	-0.001783813	34:-0.001784	32:-6.338545	66:-12.198329	33:-12.786903	35:-13.977193	351:-14.155245	487:-14.655001	4887:-14.928467	94381:-15.341935	1646:-15.425635	36:-15.752043	64:-15.812659	45:-15.986584	16:-16.166249	39:-16.283421	42:-16.287560	46:-16.301270	54:-16.309503	38:-16.316367	15:-16.402833
2507	487	-0.000087358	487	-0.000087358	1	-16.382423021	-0.000087282	487:-0.000087	7664:-9.924882	1:-11.637441	2129:-11.907402	11:-11.976031	1293:-12.446672	504:-12.576184	13933:-13.967092	9059:-14.674659	15738:-14.701122	3709:-15.058359	32478:-15.082368	731:-15.106230	1511:-15.296728	357:-15.315343	28180:-15.343758	3842:-15.443073	1089:-15.488525	8934:-15.519426	3544:-15.584109
2508	328	-0.000014174	328	-0.000014174	1	-15.377090323	-0.000013965	328:-0.000014	1535:-13.034850	357:-13.130270	198:-13.484940	7018:-13.618063	2823:-14.159940	2423:-14.571946	359:-14.694210	5046:-14.901689	37431:-15.088117	313:-15.215394	695:-15.240164	4241:-15.269043	1088:-15.297833	248046:-15.377090	220:-15.493697	498:-15.827224	271:-15.836419	10232:-15.913134	15430:-15.990416
2509	32	-0.000057360	32	-0.000057360	1	-16.206473490	-0.000057269	32:-0.000057	64:-10.886431	35:-11.136471	34:-11.664364	33:-12.340371	7664:-13.849722	357:-13.966378	1646:-14.003823	36:-14.442270	5840:-14.776125	16:-14.837760	34960:-15.142403	447:-15.313058	1803:-15.544960	198:-15.625779	39:-15.976040	37:-16.007871	15015:-16.009329	902:-16.021607	17:-16.181558
2510	7664	-0.000135020	7664	-0.000135020	1	-14.117150858	-0.000134280	7664:-0.000135	1293:-10.264240	3842:-10.274049	487:-10.456346	13933:-10.936673	1:-12.124567	3953:-13.014039	1089:-13.388059	248046:-14.117151	17:-14.154552	55786:-14.338320	198:-14.662939	16:-14.669530	5348:-14.707017	61476:-14.740539	26641:-14.955208	731:-15.505999	11:-15.511694	66550:-15.541533	318:-15.548757
2511	198	-0.000002786	198	-0.000002786	1	-14.772468492	-0.000002402	198:-0.000003	248046:-14.772468	695:-14.820804	271:-14.892949	16:-16.705164	58:-16.815703	59:-16.851299	487:-16.964066	3514:-17.075889	262:-17.084298	498:-17.096149	4241:-17.101808	1031:-17.278502	1076:-17.342702	11:-17.358302	22:-17.382715	2228:-17.438620	15:-17.564688	23:-17.576152	60:-17.680283
2512	262	-0.000048858	262	-0.000048858	1	-16.676046592	-0.000048801	262:-0.000049	285:-12.102918	1031:-12.259122	256:-12.471179	406:-12.667102	220:-12.692405	1143:-13.068992	257:-13.321468	1076:-13.523984	309:-13.692119	71093:-13.899342	58:-13.935265	4241:-13.938636	33:-14.299159	2228:-14.314768	34:-14.371010	32:-14.494430	5690:-14.962924	487:-14.974191	197:-15.026331
2513	4241	-0.000265334	4241	-0.000265334	1	-19.495022509	-0.000265330	4241:-0.000265	498:-8.548289	9774:-10.755195	5046:-11.007898	2429:-11.370169	2958:-11.985195	1143:-12.806378	59670:-13.424372	313:-13.577473	81123:-13.861883	75994:-13.956177	328:-14.135245	351:-14.305861	3376:-14.318536	819:-14.535694	27059:-14.629842	15824:-14.667221	18492:-14.912356	417:-15.258501	9758:-15.436321
2514	34	-0.035901220	34	-0.035901220	1	-19.013708265	-0.035901214	34:-0.035901	33:-3.476506	32:-5.517884	35:-8.537543	36:-10.655570	1:-11.626723	66:-11.729058	487:-11.967000	351:-12.453992	65:-12.581538	39:-12.716498	58:-12.725179	42:-12.943345	37:-13.017144	4738:-13.031671	51:-13.151754	64:-13.199920	46:-13.295351	49:-13.375022	44:-13.460845
2515	487	-0.000033475	487	-0.000033475	1	-17.431242085	-0.000033448	487:-0.000033	7664:-11.801963	11:-12.042014	2129:-12.223356	1:-12.617015	1293:-12.957593	504:-13.337628	357:-13.623259	15738:-14.750874	9059:-14.781620	3544:-14.899272	13933:-15.198094	45279:-15.313450	731:-15.482804	32478:-15.521297	26641:-15.529271	1639:-15.588245	8934:-15.779615	56010:-16.085809	18503:-16.139440
2516	328	-0.000003603	328	-0.000003603	1	-19.942493227	-0.000003601	328:-0.000004	357:-14.480369	7018:-14.545339	198:-14.614176	359:-14.802912	4241:-15.481701	1535:-15.712871	313:-15.845672	5046:-16.015202	7111:-16.038044	498:-16.277326	3544:-16.279930	37431:-16.491119	2423:-16.535223	2823:-16.565203	695:-16.930447	220:-17.046945	5036:-17.238661	10232:-17.251734	15430:-17.298490
2517	32	-0.001293390	32	-0.001293390	1	-21.401731698	-0.001293389	32:-0.001293	33:-6.704222	35:-9.788473	64:-12.783221	34:-13.088301	36:-13.451509	39:-15.728233	42:-15.773986	16:-15.810962	357:-15.824690	37:-15.836222	40:-16.157446	46:-16.246008	65:-16.301009	49:-16.529270	17:-16.597536	43:-16.692770	18:-16.819802	54:-16.911148	44:-16.934962
2518	487	-0.000059769	487	-0.000059769	1	-16.886689828	-0.000059723	487:-0.000060	7664:-10.210817	1:-12.272319	504:-12.598319	2129:-12.790510	11:-12.924164	1293:-12.999104	13933:-13.715907	9059:-14.574921	3842:-15.008096	3544:-15.131253	731:-15.176015	15738:-15.411484	8934:-15.555493	1089:-15.595698	59355:-15.605474	9141:-15.615567	26641:-15.752492	32478:-15.831155	56010:-15.890942
2519	328	-0.000025855	328	-0.000025855	1	-14.962672339	-0.000025537	328:-0.000026	1535:-12.525180	7018:-12.627137	359:-13.645478	198:-13.653522	4241:-13.731567	414:-13.843705	37431:-13.984840	5046:-14.104825	10232:-14.252049	3544:-14.261917	2423:-14.319753	2823:-14.348970	313:-14.612753	498:-14.860813	248046:-14.962672	7111:-15.052848	1001:-15.055893	3405:-15.163614	3919:-15.224176
2520	35	-0.000586651	35	-0.000586651	1	-16.565251491	-0.000586587	35:-0.000587	33:-7.546645	36:-11.589052	32:-11.630250	34:-11.819894	67:-12.001149	4958:-12.245389	32983:-13.483827	414:-13.506542	7664:-13.543012	787:-14.237359	3392:-14.432327	902:-14.453669	1745:-14.703612	37:-14.877736	68:-14.910252	17:-14.987980	65:-15.074981	39:-15.108891	15:-15.119036
2521	7664	-0.000190936	7664	-0.000190936	1	-16.091352664	-0.000190833	7664:-0.000191	487:-8.898508	1293:-10.436152	1:-12.296149	3842:-12.298664	13933:-12.833783	3953:-13.059069	2129:-13.668736	55786:-13.950406	1089:-14.017085	5348:-14.240977	26641:-14.641142	4958:-14.797332	17:-14.923367	3514:-14.976618	16:-15.075810	198:-15.289260	11:-15.372532	318:-15.403759	62:-15.624882
2522	198	-0.000004474	198	-0.000004474	1	-13.966495219	-0.000003614	198:-0.000004	248046:-13.966495	695:-14.194239	271:-14.988629	11:-15.655457	58:-16.188336	487:-16.205773	498:-16.268240	16:-16.385937	318:-16.456248	3514:-16.549253	59:-16.601021	262:-16.692141	15:-16.719918	4241:-16.787795	22:-16.939522	220:-17.142927	1076:-17.154273	23:-17.179768	18:-17.247849
2523	262	-0.000061397	262	-0.000061397	1	-15.990497474	-0.000061283	262:-0.000061	1031:-11.517607	285:-12.039362	1143:-12.426007	220:-12.544655	406:-12.783154	256:-12.929469	1076:-13.260005	32:-13.294793	4241:-13.367334	309:-13.431123	257:-13.444472	2228:-13.596023	71093:-13.634213	34:-13.723327	5690:-14.010583	58:-14.611690	1:-14.655748	695:-14.673463	197:-14.706227
2524	4241	-0.000214286	4241	-0.000214286	1	-19.621177382	-0.000214283	4241:-0.000214	9774:-9.189986	498:-9.869729	2958:-10.783690	2429:-11.169882	5046:-11.420247	1143:-12.542529	59670:-13.541963	81123:-13.544804	328:-13.553394	15824:-13.767984	313:-14.227803	3376:-14.451650	75994:-14.599580	46571:-14.855956	78460:-15.141381	17915:-15.291659	819:-15.486380	39180:-15.528796	4177:-15.609139
2525	32	-0.786212561	34	-0.626693365	0	-18.715046761	-0.786212553	34:-0.626693	32:-0.786213	35:-5.023721	33:-5.780437	36:-9.629550	64:-11.111581	4887:-11.225013	1:-11.262616	42:-11.333491	46:-11.443227	51:-11.725149	39:-11.875627	66:-11.889036	38:-11.913343	55:-11.977157	37:-12.011972	44:-12.118550	49:-12.145454	351:-12.182956	40:-12.460193
2526	487	-0.000117941	487	-0.000117941	1	-16.475595160	-0.000117871	487:-0.000118	7664:-10.523800	11:-10.635685	1:-11.060252	504:-11.525798	2129:-12.112694	1293:-12.138238	414:-13.223879	1502:-13.579368	13933:-13.881725	731:-13.911752	9141:-13.962925	62:-14.222521	9059:-14.246596	16:-14.327315	15738:-14.358733	26386:-14.385832	351:-14.704641	3544:-14.740175	17:-14.837240
2527	328	-0.000019865	328	-0.000019865	1	-18.228010969	-0.000019853	328:-0.000020	414:-13.208046	198:-13.240489	7111:-13.444691	1535:-13.627492	37431:-13.639911	4241:-13.710457	10232:-13.727170	2823:-13.787326	7018:-13.834066	359:-14.193486	3544:-14.542166	5036:-14.550501	351:-14.909634	2423:-14.932027	498:-15.051114	15430:-15.104476	8728:-15.150740	3919:-15.179734	695:-15.336095
2528	35	-0.041829128	35	-0.041829128	1	-18.151973743	-0.041829115	35:-0.041829	34:-3.255288	33:-6.063828	32:-11.308541	36:-12.277912	67:-12.620324	414:-12.962865	487:-13.166297	6281:-13.238584	37:-13.277111	42:-13.418522	39:-13.642421	5449:-13.751571	44:-14.061772	51:-14.077806	66:-14.079170	43:-14.089179	38:-14.107215	49:-14.179897	17:-14.186175
2529	487	-0.000423173	487	-0.000423173	1	-16.365188340	-0.000423095	487:-0.000423	7664:-7.881750	1293:-11.354982	1:-11.651741	2129:-11.870304	504:-12.729063	11:-12.818376	13933:-13.793933	1089:-14.328500	417:-14.465184	1609:-14.551635	3842:-14.625932	15738:-14.714353	9059:-14.723232	5348:-14.723325	731:-15.277256	7428:-15.337086	26641:-15.416017	55786:-15.418292	1288:-15.476474
2530	328	-0.000041733	328	-0.000041733	1	-14.009366761	-0.000040910	328:-0.000042	1535:-11.241705	7018:-12.609731	417:-12.883835	198:-12.982015	2423:-13.336567	4241:-13.444675	359:-13.966575	248046:-14.009367	313:-14.094354	5046:-14.125233	819:-14.262522	7111:-14.289123	695:-14.418586	3544:-14.570089	37431:-14.578347	2823:-14.729676	907:-14.775758	1076:-14.879390	498:-14.979304
2531	33	-0.000189941	33	-0.000189941	1	-14.996339004	-0.000189634	33:-0.000190	34:-8.875066	36:-11.503136	65:-11.714500	32:-11.807548	35:-12.100114	417:-12.963493	7664:-13.694635	4738:-14.037042	37:-14.341496	447:-14.633441	16:-14.699047	39:-14.782960	17:-14.984483	248046:-14.996339	1076:-15.229416	9798:-15.298438	38:-15.329129	12424:-15.363686	1803:-15.382828
2532	7664	-0.000151894	7664	-0.000151894	1	-13.498972199	-0.000150522	7664:-0.000152	1293:-9.662997	487:-10.174389	3842:-10.839214	1:-11.734120	13933:-11.741796	3953:-12.798818	1089:-12.939235	248046:-13.498972	5348:-14.112014	11:-14.386093	55786:-14.392268	26641:-14.737454	731:-14.739565	17:-14.763177	198:-14.841210	61476:-15.387737	16:-15.546431	2129:-15.760122	328:-16.117992
2533	198	-0.000006270	198	-0.000006270	1	-14.092037749	-0.000005512	198:-0.000006	695:-13.843806	248046:-14.092038	271:-14.103775	498:-15.471388	11:-15.882060	4241:-16.040193	59:-16.047943	58:-16.150231	16:-16.370488	487:-16.433734	262:-16.554417	1076:-16.691015	318:-16.736453	2228:-16.860272	15:-16.863713	1031:-16.885426	328:-16.959509	22:-17.013939	23:-17.037961
2534	262	-0.000086101	262	-0.000086101	1	-15.735405715	-0.000085954	262:-0.000086	1031:-11.391927	32:-11.542666	220:-12.174876	285:-12.287140	1143:-12.422011	58:-12.773024	406:-12.887081	256:-13.017458	71093:-13.147822	1076:-13.330456	2228:-13.396480	33:-13.801590	248069:-13.889131	35:-13.893863	1:-14.013083	257:-14.046999	5690:-14.109017	4241:-14.223753	309:-14.231528
2535	4241	-0.000017619	4241	-0.000017619	1	-22.784788584	-0.000017619	4241:-0.000018	498:-11.950600	2429:-12.562251	5046:-12.870873	9774:-12.927712	2958:-14.607861	81123:-14.700831	59670:-14.736321	1143:-15.141585	75994:-15.273932	15824:-15.788479	3376:-16.167569	78460:-16.372186	313:-16.761218	39180:-16.905702	17915:-16.953709	35580:-17.067231	18492:-17.143160	46571:-17.428478	38067:-17.473523
2536	32	-0.472271399	32	-0.472271399	1	-17.800757841	-0.472271380	32:-0.472271	35:-0.992718	33:-5.317889	34:-7.301938	1745:-10.041491	36:-10.703282	64:-10.805943	1:-11.002432	357:-11.783834	67:-11.962786	2504:-12.177950	487:-12.253216	414:-12.462483	51:-12.465073	55:-12.505434	44:-12.515247	42:-12.682104	40:-12.768591	16:-12.787073	49:-12.840802
2537	487	-0.000122092	487	-0.000122092	1	-16.389588378	-0.000122016	487:-0.000122	11:-10.162154	2129:-10.724815	1:-11.248479	504:-11.491865	1293:-11.964095	7664:-12.283698	414:-12.473656	417:-13.037071	15738:-14.043428	731:-14.113709	9059:-14.238413	3158:-14.280243	9141:-14.332216	763:-14.339768	3544:-14.399519	1502:-14.411163	1609:-14.624193	35:-14.659769	26386:-14.715398
2538	328	-0.000014924	328	-0.000014924	1	-20.612257146	-0.000014923	328:-0.000015	198:-13.415569	414:-13.521121	7018:-13.727423	1535:-13.737978	359:-13.755502	7111:-13.946659	4241:-14.064771	2823:-14.175308	417:-14.253054	37431:-14.303235	10232:-14.380096	5036:-14.776093	8728:-15.025620	15430:-15.164626	6952:-15.437102	5748:-15.443972	3919:-15.469597	498:-15.517385	3544:-15.556116
2539	35	-0.246154471	35	-0.246154471	1	-19.043822213	-0.246154466	35:-0.246154	33:-1.541599	34:-5.625114	32:-8.471896	36:-9.463009	65:-10.995049	44:-11.340685	37:-11.543565	42:-11.561649	67:-11.627098	39:-11.638250	3392:-11.740614	51:-11.839109	49:-11.917507	38:-12.055544	50:-12.269399	9265:-12.342603	56:-12.367223	54:-12.463800	46:-12.473408
2540	487	-0.000465902	487	-0.000465902	1	-15.663307699	-0.000465745	487:-0.000466	7664:-8.041548	1293:-10.376547	1:-10.479079	2129:-11.427930	504:-11.651806	13933:-11.949046	11:-12.095225	417:-12.101501	731:-12.646044	3842:-12.946074	1609:-13.076407	33:-13.129496	7428:-13.150979	15738:-13.338987	5348:-13.344965	61442:-13.707899	3158:-13.770630	8934:-13.818625	55786:-13.828542
2541	328	-0.000089303	328	-0.000089303	1	-15.085860864	-0.000089022	328:-0.000089	1535:-11.054587	7111:-11.623600	417:-11.712895	4241:-12.428679	37431:-12.662317	198:-12.691042	7018:-12.763048	2423:-12.792799	351:-12.901760	3544:-13.085119	359:-13.108307	313:-13.478783	2823:-13.501178	10232:-13.513761	5046:-13.549689	15430:-13.583546	498:-13.693605	3919:-13.812801	695:-13.822083
2542	34	-0.540244159	34	-0.540244159	1	-15.727085647	-0.540244011	34:-0.540244	33:-0.874877	32:-9.215024	4738:-9.461464	35:-9.755872	12607:-10.023439	36:-10.307073	65:-10.685819	351:-11.735020	48064:-12.313995	417:-12.350513	66:-12.460948	9798:-12.476233	7664:-12.810227	17:-12.907660	16:-13.005456	39:-13.013528	42:-13.068008	3392:-13.112906	37:-13.155297
2543	7664	-0.004308734	7664	-0.004308734	1	-14.892078433	-0.004308394	7664:-0.004309	487:-5.742031	1293:-7.840234	1609:-9.056364	1:-9.272678	11:-9.285341	1089:-10.221493	7428:-10.356369	5348:-10.383692	3953:-10.718512	2129:-10.738368	3842:-10.895359	7904:-11.156189	417:-11.417416	17:-11.515434	13933:-11.741338	15797:-11.816259	33:-11.968176	5181:-12.003651	61442:-12.008547
2544	198	-0.000090653	198	-0.000090653	1	-12.090897614	-0.000085043	198:-0.000091	695:-10.745619	220:-12.086667	248046:-12.090898	434:-12.155972	498:-12.652511	271:-12.718167	653:-13.002414	11:-13.011830	3655:-13.182220	1076:-13.218024	1137:-13.247304	318:-13.377254	2228:-13.416520	16:-13.439482	15:-13.626913	328:-14.018666	262:-14.112108	1031:-14.256791	256:-14.288178
2545	262	-0.000105779	262	-0.000105779	1	-15.380081098	-0.000105570	262:-0.000106	220:-10.806754	1031:-11.221629	71093:-12.190663	1143:-12.536246	1076:-12.546902	256:-12.794656	285:-13.001647	58:-13.134228	35:-13.365119	1089:-13.418379	487:-13.452114	406:-13.556605	257:-13.600223	4241:-13.665625	248069:-13.703102	1:-13.755490	2228:-13.821525	32:-13.861268	12:-14.074583
2546	4241	-0.000069940	4241	-0.000069940	1	-18.895702684	-0.000069934	4241:-0.000070	5046:-10.750772	498:-11.024835	9774:-11.487752	2429:-11.669402	2958:-11.868333	1143:-13.071473	59670:-13.963118	81123:-14.584258	819:-14.599261	313:-14.936614	15824:-15.380472	3376:-15.396307	75994:-15.596077	32464:-15.936605	38067:-15.963533	46571:-16.007940	328:-16.250388	17915:-16.359612	4177:-16.480398
2547	35	-0.162686299	35	-0.162686299	1	-17.165632199	-0.162686264	35:-0.162686	32:-2.233714	33:-3.822682	34:-3.907048	36:-7.523491	37:-9.438383	39:-10.796939	1745:-10.852780	64:-10.908464	44:-11.107040	40:-11.123250	414:-11.262147	51:-11.364163	1:-11.437213	42:-11.472341	49:-11.557412	55:-11.575432	46:-11.585933	52:-11.734442	38:-11.781621
2548	487	-0.000085066	487	-0.000085066	1	-16.362782667	-0.000084988	487:-0.000085	11:-10.457569	7664:-11.282584	1293:-11.612385	1:-11.686796	2129:-12.077428	504:-12.116882	351:-13.586209	8934:-14.003855	13933:-14.084089	16:-14.291928	9059:-14.452190	731:-14.530544	15738:-14.583987	892:-14.665847	45279:-14.883899	3158:-14.957676	17:-14.969606	10962:-15.069106	18503:-15.121565
2549	328	-0.000011914	328	-0.000011914	1	-21.051183216	-0.000011913	328:-0.000012	198:-12.968365	351:-13.210264	359:-13.581154	4241:-13.884857	7111:-14.042346	37431:-14.479563	1535:-14.543521	5036:-14.922419	2823:-14.937997	10232:-15.095922	7018:-15.471716	498:-15.646247	2423:-15.742287	8728:-15.769150	3544:-16.012349	3919:-16.082570	695:-16.138812	313:-16.143294	5046:-16.163941
2550	34	-0.040944969	34	-0.040944969	1	-18.916662609	-0.040944963	34:-0.040945	33:-4.030870	32:-4.298880	36:-4.808769	37:-8.768105	35:-9.443664	39:-10.310297	44:-10.589737	40:-10.941354	45:-11.041700	49:-11.222107	46:-11.255304	38:-11.269867	52:-11.287752	42:-11.511995	66:-11.533681	43:-11.756174	56:-11.862480	51:-11.945085	53:-11.999416
2551	487	-0.000909898	487	-0.000909898	1	-15.977401826	-0.000909783	487:-0.000910	7664:-7.198559	1293:-9.772884	1:-9.982975	2129:-11.494854	11:-11.957515	504:-12.319830	458:-12.343681	13933:-12.607678	26641:-13.243763	5348:-13.382272	731:-13.579898	3842:-13.656275	2021:-13.779041	1089:-13.993685	9059:-14.216348	13044:-14.221813	3544:-14.333969	3158:-14.361836	55786:-14.407872
2552	328	-0.000036768	328	-0.000036768	1	-16.466289095	-0.000036698	328:-0.000037	1535:-11.091710	4241:-12.935509	819:-13.515122	2823:-13.660664	37431:-13.762784	7111:-13.979269	10232:-14.116505	2423:-14.305633	3544:-14.332848	198:-14.470508	26366:-14.475754	7018:-14.535756	8728:-14.550528	6320:-14.676716	5046:-14.708395	38591:-14.750305	498:-14.789620	3919:-14.804974	359:-14.818732
2553	36	-0.002477000	36	-0.002477000	1	-16.503514598	-0.002476932	36:-0.002477	33:-6.797193	32:-7.164100	34:-7.876266	37:-9.402107	35:-9.685170	458:-12.114894	32983:-12.628615	68:-12.781259	39:-13.071294	40:-13.542756	7664:-13.640969	902:-13.726003	38:-13.753690	44473:-13.831621	49:-13.863170	42:-13.878612	47:-14.189341	16:-14.213264	18:-14.230655
2554	7664	-0.000648816	7664	-0.000648816	1	-15.737618764	-0.000648670	7664:-0.000649	487:-8.029942	1293:-8.318602	1:-11.373244	5348:-12.187087	2129:-12.488609	3953:-12.520212	55786:-12.522965	3514:-12.682618	16:-12.684964	1089:-12.794146	13933:-13.052519	26641:-13.099009	3842:-13.113114	11:-13.231827	62:-13.276291	4958:-13.407127	17:-13.416779	1609:-13.599557	318:-13.848174
2555	198	-0.000011945	198	-0.000011945	1	-13.648138547	-0.000010763	198:-0.000012	248046:-13.648139	695:-13.836928	271:-14.255368	11:-14.423396	3514:-14.745419	498:-14.825369	318:-14.913121	15:-15.141182	16:-15.347757	58:-15.363984	220:-15.628953	18:-15.654458	440:-15.685327	328:-15.705748	23:-15.807394	59:-15.910014	22:-15.929376	1076:-16.002884	24:-16.025383
2556	262	-0.000070855	262	-0.000070855	1	-15.391819283	-0.000070648	262:-0.000071	1031:-11.187321	285:-11.834428	220:-12.134650	406:-12.279572	257:-12.770788	256:-13.385533	309:-13.548971	2228:-13.588301	71093:-13.633747	4241:-13.684141	1143:-13.726769	5690:-13.789671	1076:-13.836438	695:-13.999491	1089:-14.127178	248069:-14.251106	34:-14.602939	60:-14.687599	197:-14.938547
2557	4241	-0.000075311	4241	-0.000075311	1	-21.490417451	-0.000075311	4241:-0.000075	9774:-10.475377	498:-10.609879	2429:-11.834020	2958:-12.227827	5046:-12.633692	819:-13.348025	59670:-14.123445	75994:-14.208365	81123:-14.220166	1143:-14.745903	3376:-15.084462	15824:-15.120503	38067:-15.427301	78460:-15.654748	2168:-15.667308	39180:-15.954469	351:-15.975814	313:-16.074344	18492:-16.123260
2558	34	-0.049233927	34	-0.049233927	1	-18.252539171	-0.049233915	34:-0.049234	35:-3.275936	32:-5.365650	36:-5.437728	33:-6.977069	37:-10.064881	39:-10.633936	66:-11.333761	351:-11.379636	44:-11.454842	1:-11.549474	42:-11.748729	46:-11.767675	51:-11.930009	38:-11.961326	5449:-12.053583	49:-12.204706	55:-12.296796	40:-12.428069	48:-12.561602
2559	487	-0.000068090	487	-0.000068090	1	-16.617456816	-0.000068030	487:-0.000068	11:-10.494937	1:-11.764864	7664:-11.865653	2129:-12.012665	1293:-12.325137	504:-12.551042	458:-14.156961	2021:-14.421251	15738:-14.511893	3158:-14.645704	40731:-14.653559	9059:-14.739450	731:-14.772119	45279:-14.901354	3544:-15.031256	763:-15.117199	26641:-15.234836	13933:-15.382611	17:-15.522996
2560	328	-0.000015922	328	-0.000015922	1	-18.811152167	-0.000015915	328:-0.000016	458:-12.990967	1535:-13.580672	359:-13.607044	198:-13.650900	7111:-13.680989	4241:-13.854475	2823:-14.153001	7018:-14.238442	3544:-14.244900	37431:-14.258812	10232:-14.627305	498:-14.953025	5036:-15.063122	313:-15.392067	8728:-15.433783	3919:-15.591391	5046:-15.718098	2423:-15.799257	15430:-15.868348
2561	36	-0.005670901	36	-0.005670901	1	-19.715873118	-0.005670898	36:-0.005671	35:-5.211079	32:-9.091013	33:-10.615877	34:-11.300866	37:-11.311266	68:-12.866689	39:-13.115900	1425:-13.202862	42:-13.385119	38:-13.497622	40:-13.618949	49:-13.704729	52:-13.767786	44:-14.053017	458:-14.105242	50:-14.270291	1113:-14.379177	55:-14.448027	51:-14.501849
2562	487	-0.002243437	487	-0.002243437	1	-15.615948119	-0.002243272	487:-0.002243	7664:-6.135254	1293:-10.596694	1:-11.188107	13933:-11.925375	11:-12.322483	3842:-12.713185	2129:-12.825694	504:-12.857932	731:-13.593245	1089:-13.982286	9059:-14.088039	5348:-14.256356	26641:-14.422654	61476:-14.634861	3544:-14.646616	9141:-14.703115	15738:-14.707175	55786:-14.734930	3158:-14.911494
2563	328	-0.000065660	328	-0.000065660	1	-14.787755823	-0.000065282	328:-0.000066	1535:-10.473357	819:-11.702248	2823:-13.017648	4241:-13.056485	10232:-13.301986	7018:-13.343017	198:-13.510168	7111:-13.640973	37431:-14.014049	26366:-14.059842	5046:-14.353906	695:-14.383597	15430:-14.410285	498:-14.448003	22052:-14.468715	2423:-14.487071	79873:-14.510941	74493:-14.631158	3919:-14.665858
2564	35	-0.000601442	35	-0.000601442	1	-16.037645014	-0.000601334	35:-0.000601	32:-8.001906	37:-9.288912	33:-9.523347	36:-10.286169	34:-10.503321	67:-11.910918	414:-12.805226	447:-13.046866	38:-13.112075	7664:-13.600822	39:-13.777307	1113:-13.990956	15:-14.003180	16:-14.148637	40:-14.172608	42:-14.429770	3928:-14.524757	49:-14.578045	64:-14.639092
2565	7664	-0.000149313	7664	-0.000149313	1	-13.525222365	-0.000147977	7664:-0.000149	1293:-9.491555	487:-10.661658	3842:-11.020766	13933:-11.582318	1:-12.030160	3953:-12.045653	1089:-13.227737	248046:-13.525222	5348:-14.112459	26641:-14.411561	198:-14.549002	17:-14.571883	55786:-14.704945	731:-14.784230	16:-14.946156	61476:-15.114500	62:-15.156079	11:-15.156608	1076:-15.432950
2566	198	-0.000007429	198	-0.000007429	1	-13.481790343	-0.000006033	198:-0.000007	695:-13.314555	248046:-13.481790	271:-14.163574	11:-15.470938	16:-15.895409	22:-16.005549	23:-16.050375	487:-16.121469	24:-16.139242	21:-16.140672	498:-16.175113	18:-16.236447	15:-16.279468	220:-16.422037	262:-16.585209	2228:-16.604568	20:-16.627396	1031:-16.762434	58:-16.828262
2567	262	-0.000043423	262	-0.000043423	1	-15.037128003	-0.000043129	262:-0.000043	1031:-11.530469	71093:-12.672773	285:-12.756627	257:-13.056766	220:-13.357884	1076:-13.495396	406:-13.526670	1143:-13.804451	248069:-13.941843	309:-14.008956	256:-14.184797	2228:-14.334753	5690:-14.361528	1089:-14.437948	4241:-14.507467	36:-14.544759	695:-14.811264	248046:-15.037128	60:-15.072225
2568	4241	-0.000055208	4241	-0.000055208	1	-20.215492143	-0.000055206	4241:-0.000055	498:-10.818100	9774:-11.566679	2429:-11.865185	5046:-12.128919	2958:-12.182636	59670:-13.342338	75994:-14.003209	1143:-14.057318	81123:-14.242285	15824:-14.439959	46571:-15.191038	4177:-15.236282	3376:-15.331132	313:-15.376720	17915:-15.543373	38067:-15.579568	9758:-15.842132	27059:-15.874292	78460:-15.875050
2569	36	-0.052348742	36	-0.052348742	1	-18.910916934	-0.052348736	36:-0.052349	34:-3.202488	35:-4.642257	32:-7.795183	33:-9.521866	37:-10.973053	2036:-11.197216	1425:-11.676568	39:-11.942560	458:-12.072315	42:-12.207634	38:-12.227010	68:-12.345304	1:-12.418666	66:-12.441032	51:-12.543492	44:-12.554498	6281:-12.655775	49:-12.803499	40:-12.822620
2570	487	-0.000077154	487	-0.000077154	1	-14.029413130	-0.000076346	487:-0.000077	11:-10.660633	7664:-10.887446	504:-11.690058	1293:-12.049979	1:-12.421114	2129:-13.130021	9059:-13.951301	15738:-13.953730	248046:-14.029413	13933:-14.355964	731:-14.423483	26386:-14.433779	8934:-14.782498	763:-14.932897	1502:-15.003945	3158:-15.067479	45279:-15.104600	1089:-15.110324	1639:-15.121339
2571	328	-0.000002943	328	-0.000002943	1	-19.129466138	-0.000002938	328:-0.000003	198:-14.636848	1535:-14.764464	7018:-15.104880	7111:-15.199239	359:-15.457028	2823:-15.778964	10232:-15.964026	4241:-15.982307	37431:-16.055052	695:-16.210116	2423:-16.806863	3544:-16.965108	5036:-16.979901	8728:-17.085834	498:-17.249642	15430:-17.271344	3919:-17.434185	5748:-17.499883	3405:-17.606193
2572	35	-0.001204360	35	-0.001204360	1	-19.333467830	-0.001204356	35:-0.001204	37:-7.396388	34:-7.560269	32:-10.445509	36:-11.301294	33:-11.315552	67:-13.035128	38:-13.487770	414:-13.759057	39:-14.011961	40:-14.232451	42:-14.250887	49:-14.601214	44:-14.627860	54:-15.001668	43:-15.035845	50:-15.074567	52:-15.168820	16:-15.252658	41:-15.357336
2573	487	-0.001475375	487	-0.001475375	1	-15.876385730	-0.001475248	487:-0.001475	7664:-6.600499	1293:-9.698322	1:-10.552969	13933:-12.547782	504:-12.858758	2129:-13.010652	26641:-13.480922	3842:-13.636186	5348:-13.762505	11:-13.882974	731:-14.190793	1089:-14.271977	426:-14.413911	3158:-14.447534	7049:-14.559497	1352:-14.571125	55786:-14.665804	9059:-14.835486	37:-14.928172
2574	328	-0.000078852	328	-0.000078852	1	-15.797449763	-0.000078715	328:-0.000079	1535:-10.214014	819:-11.031319	7111:-12.985659	4241:-13.185954	426:-13.413064	7018:-13.698699	2823:-13.884042	10232:-13.934764	2423:-14.095906	37431:-14.226317	8728:-14.409125	26366:-14.534251	359:-14.539138	198:-14.592948	15430:-14.621684	71505:-14.644362	74493:-14.689379	22052:-14.739811	6320:-14.767490
2575	37	-0.000414023	37	-0.000414023	1	-16.205807814	-0.000413931	37:-0.000414	32:-8.702570	34:-9.493990	36:-9.582565	33:-10.093569	35:-10.436881	69:-12.087572	15:-12.903671	32983:-12.993845	426:-13.014931	38:-13.527125	39:-13.629631	7664:-13.707826	16:-14.424687	40:-14.469477	4958:-14.547286	17:-14.585408	42:-14.787518	2827:-14.960797	64:-15.172400
2576	7664	-0.000146860	7664	-0.000146860	1	-14.472124094	-0.000146341	7664:-0.000147	1293:-9.361414	487:-10.445161	3953:-12.313782	1:-12.556405	1089:-12.663607	3842:-13.189200	16:-13.473141	5348:-13.550868	13933:-13.747509	26641:-13.763651	4958:-13.852684	62:-14.012209	55786:-14.358789	17:-14.428137	248046:-14.472124	198:-15.002618	15:-15.014244	2129:-15.304098	3514:-15.377650
2577	198	-0.000015074	198	-0.000015074	1	-12.452392394	-0.000011166	198:-0.000015	248046:-12.452392	695:-12.568329	271:-14.121718	11:-14.302633	262:-14.878143	487:-15.218307	1031:-15.285204	2228:-15.447191	1089:-15.583277	4241:-15.685796	498:-15.798042	5690:-15.972124	16:-16.026004	220:-16.198133	2958:-16.386923	9774:-16.493296	318:-16.514279	18:-16.568570	15:-16.770262
2578	262	-0.000071333	262	-0.000071333	1	-15.323669241	-0.000071112	262:-0.000071	220:-10.837266	1031:-11.659522	256:-12.497596	285:-12.672871	257:-12.717744	1089:-12.723294	406:-12.732620	1143:-12.827604	2228:-13.660992	4241:-13.831225	60:-13.893414	71093:-14.105817	197:-14.107977	5690:-14.329299	2827:-14.375300	37:-14.471492	487:-14.522004	309:-14.591794	58:-14.738924
2579	4241	-0.284005117	4241	-0.284005117	1	-16.874371958	-0.284005070	4241:-0.284005	819:-1.963462	9774:-2.589330	498:-3.828263	2958:-5.103005	328:-6.427120	2168:-8.056819	5438:-8.314733	5046:-8.813895	7111:-8.815982	15969:-8.826018	867:-9.054275	313:-9.306472	1708:-9.459821	2429:-9.681172	2024:-9.825249	59670:-10.116352	804:-10.131968	38067:-10.233041	2827:-10.258809
2580	35	-0.762061218	36	-0.760066132	0	-14.962868313	-0.762060901	36:-0.760066	35:-0.762061	37:-3.095204	34:-4.791736	76736:-6.001242	32:-6.843336	1768:-7.070518	32983:-7.096175	34141:-7.276180	1425:-7.312846	67:-8.464095	33:-8.501546	447:-8.556316	487:-8.752887	7664:-8.791391	1113:-8.856915	68:-8.862590	44:-8.883117	1882:-8.946424	44473:-8.970967
2581	487	-0.001995505	487	-0.001995505	1	-16.064379633	-0.001995399	487:-0.001996	7664:-6.290539	1293:-9.850015	1:-10.303678	2129:-11.321982	11:-12.045458	1352:-12.645119	426:-12.808466	504:-13.152068	13933:-13.594381	7049:-14.007825	3842:-14.162596	83565:-14.218603	1639:-14.340868	5348:-14.361142	62:-14.369126	26351:-14.391894	16:-14.428959	736:-14.518218	15738:-14.558062
2582	328	-0.000047916	328	-0.000047916	1	-17.048444981	-0.000047877	328:-0.000048	7111:-11.817202	819:-11.854905	1535:-11.990278	426:-12.748824	4241:-12.819488	7018:-12.826056	198:-13.080556	2823:-13.461235	359:-13.498563	5046:-14.149559	37431:-14.213875	10232:-14.225395	8728:-14.389769	2423:-14.516175	15430:-14.540514	695:-14.554104	498:-14.556076	3544:-14.587678	5036:-14.729297
2583	37	-0.013987873	37	-0.013987873	1	-18.527348850	-0.013987864	37:-0.013988	36:-4.396026	34:-6.643562	32:-9.222152	33:-9.892833	35:-10.175347	69:-11.767401	38:-11.831877	487:-12.002539	32983:-12.463125	7664:-12.491968	40:-13.127663	52:-13.306998	39:-13.466035	54:-13.574643	426:-13.597468	49:-13.780951	55:-13.897747	42:-13.900241	66:-14.002072
2584	7664	-0.547525111	7664	-0.547525111	1	-15.471633616	-0.547524920	7664:-0.547525	487:-0.881620	1293:-5.034155	2129:-8.975597	1:-9.236127	5348:-9.809210	3842:-9.892886	55786:-10.008815	26641:-10.240122	64057:-10.252421	1089:-10.266095	3953:-10.377730	13933:-10.431524	13611:-10.985972	11:-11.022745	61476:-11.026970	89254:-11.251169	731:-11.351349	9059:-11.529751	93482:-11.705668
2585	198	-0.000063526	198	-0.000063526	1	-11.472006427	-0.000053108	198:-0.000064	695:-10.312419	248046:-11.472006	271:-12.575612	328:-13.525186	1089:-13.997770	498:-14.151234	487:-14.212154	60:-14.252387	16:-14.291918	2228:-14.366259	15:-14.501494	434:-14.573573	220:-14.650373	5690:-14.735588	4241:-14.930443	1031:-15.059085	819:-15.331608	2958:-15.350587	653:-15.375617
2586	262	-0.000204585	262	-0.000204585	1	-15.504276774	-0.000204400	262:-0.000205	220:-9.074764	256:-11.655564	1143:-11.945114	60:-12.007994	406:-12.160697	1031:-12.218972	37:-12.489460	285:-12.615094	257:-12.656071	71093:-12.894810	1089:-12.904070	4241:-12.952811	1:-13.291951	1076:-13.365872	58:-13.826520	309:-13.895255	248069:-13.910254	2228:-14.056779	1249:-14.216984
2587	4241	-0.000168094	4241	-0.000168094	1	-20.144871005	-0.000168092	4241:-0.000168	2958:-9.044523	498:-11.020075	9774:-11.304426	5046:-11.925242	2429:-12.100851	1143:-12.619084	75994:-13.541495	819:-14.168224	59670:-14.719488	313:-14.768592	81123:-14.810727	78460:-15.272866	3376:-15.301469	4535:-15.564916	328:-15.641655	46571:-15.649058	15824:-15.747599	18492:-15.882122	27059:-16.077176
2588	37	-0.511599441	37	-0.511599441	1	-17.054722210	-0.511599402	37:-0.511599	35:-1.103612	36:-2.699342	34:-7.620587	32:-8.673960	33:-9.728043	5095:-10.026867	39:-10.030675	44:-10.482770	38:-10.629615	67:-10.854202	49:-11.087243	45:-11.316193	40:-11.336656	56:-11.400720	51:-11.434026	42:-11.470382	426:-11.479648	55:-11.486119	41:-11.535375
2589	487	-0.005922105	487	-0.005922105	1	-16.148796823	-0.005922008	487:-0.005922	1293:-5.190195	1:-8.944996	7664:-9.266124	11:-10.913324	2129:-11.198658	26641:-12.348215	64057:-12.601331	504:-12.702402	5348:-12.959062	13611:-12.966762	3544:-13.139984	55786:-13.160429	59355:-13.238098	414:-13.317865	89254:-13.431535	8934:-13.477102	871:-13.594181	1502:-13.731663	18503:-13.747494
2590	328	-0.000143831	328	-0.000143831	1	-15.896586244	-0.000143706	328:-0.000144	1535:-10.678061	819:-11.499183	4241:-11.504250	2423:-11.811158	7111:-11.840998	7018:-11.982158	414:-12.368815	220:-12.379659	37431:-12.416121	2205:-12.542982	313:-12.627951	2823:-12.715483	498:-12.750035	10232:-12.797162	198:-13.012110	695:-13.024731	359:-13.054925	5046:-13.184127	3919:-13.204661
2591	35	-0.005425773	35	-0.005425773	1	-18.096382461	-0.005425759	35:-0.005426	34:-5.331210	36:-8.246988	32:-8.874021	1293:-9.951543	33:-10.343659	37:-11.119139	67:-11.346534	38:-11.378658	414:-11.726873	39:-13.218631	487:-13.255103	16:-13.519641	42:-13.591010	55:-13.627146	3967:-13.765615	49:-13.795871	66:-13.911794	902:-13.964792	40:-14.113737
2592	1293	-0.008785380	1293	-0.008785380	1	-15.863382948	-0.008785251	1293:-0.008785	487:-4.929184	7664:-6.653223	1:-9.899628	64057:-10.628588	642:-10.837707	60:-11.086544	17:-11.249756	2129:-11.599224	871:-11.684878	72547:-11.931622	16:-12.091143	5348:-12.373093	20644:-12.514843	88929:-12.602970	351:-12.746063	55786:-12.956224	13611:-13.204456	458:-13.213431	26641:-13.284027
2593	198	-0.000082489	198	-0.000082489	1	-10.174639222	-0.000044364	198:-0.000082	248046:-10.174639	1089:-10.914505	695:-11.981859	271:-13.232304	2228:-13.393278	7664:-13.906582	1031:-14.183032	487:-14.215912	16:-14.320065	22:-14.438616	10339:-14.576159	220:-14.607275	5690:-14.667449	18:-14.889864	15:-14.900410	1076:-14.935559	413:-15.085085	60:-15.322232	1:-15.392219
2594	220	-0.000223534	220	-0.000223534	1	-13.848920242	-0.000222567	220:-0.000224	1089:-9.766615	262:-9.775798	1031:-10.968054	2228:-11.115702	10339:-11.608972	11:-11.753474	695:-12.015901	5690:-12.362992	256:-12.380574	71093:-12.768855	60:-12.870362	487:-13.011559	58:-13.328499	248069:-13.530882	2069:-13.545525	1076:-13.719844	406:-13.759812	248046:-13.848920	198:-13.861660
2595	10339	-0.000106266	10339	-0.000106266	1	-17.040576390	-0.000106227	10339:-0.000106	2205:-9.679285	2390:-11.275741	6667:-11.618679	1089:-11.876874	328:-12.182048	7664:-12.876163	3544:-13.531059	12707:-13.760786	1116:-14.156983	19831:-14.482507	34461:-14.504849	220:-14.857984	9774:-16.165662	4241:-16.304193	498:-16.332120	76818:-16.396617	198:-16.419449	3514:-16.549468	91278:-16.595170
2596	198	-0.000047923	198	-0.000047923	1	-11.600296259	-0.000038759	198:-0.000048	695:-11.315583	271:-11.565014	248046:-11.600296	1:-12.718662	2228:-13.277149	3514:-13.435929	328:-13.440369	59:-14.296714	220:-14.447642	4958:-14.623659	1358:-15.018800	256:-15.219137	487:-15.248052	92:-15.386494	60:-15.457842	18:-15.606911	16:-15.612634	17:-15.645365	15:-15.769133
2597	220	-0.000225294	220	-0.000225294	1	-14.535728681	-0.000224807	220:-0.000225	4958:-10.111786	1:-10.168524	262:-10.326414	2228:-10.423102	328:-10.667647	256:-11.720524	92:-12.523632	3514:-12.634970	406:-12.966305	695:-13.142979	197:-13.682204	487:-13.774145	18050:-14.027456	1076:-14.154876	71093:-14.222641	68:-14.352713	4754:-14.404640	8934:-14.442038	90:-14.477235
2598	328	-0.000015246	328	-0.000015246	1	-19.840675818	-0.000015244	328:-0.000015	3514:-11.721134	4241:-13.683864	10232:-14.487357	5748:-14.632162	5046:-14.810081	12880:-14.902024	1535:-14.982286	5036:-15.044044	8728:-15.092244	8168:-15.357786	2823:-15.373571	498:-15.424489	5687:-15.536282	7018:-15.570247	7111:-15.842091	3405:-15.953298	1001:-16.100647	220:-16.274845	359:-16.290222
2599	4958	-0.000035994	4958	-0.000035994	1	-18.839895003	-0.000035987	4958:-0.000036	32983:-11.529028	68:-12.440871	87140:-13.385442	44473:-13.569572	66:-13.786609	72290:-13.922678	2987:-14.219341	767:-14.547783	74697:-14.581951	13764:-14.653428	31565:-14.739265	32:-14.767700	36:-14.782940	3514:-14.832407	325:-14.853180	42266:-14.895872	12034:-14.939464	290:-15.058172	85:-15.128403
2600	12404	-0.000205886	12404	-0.000205886	1	-21.793376815	-0.000205885	12404:-0.000206	2399:-9.120697	20782:-10.049511	823:-10.457123	291:-11.770165	1552:-12.629898	7332:-13.188688	29015:-13.510404	1514:-13.660592	3634:-13.877081	39977:-13.882715	8466:-13.959571	17952:-14.059410	9790:-14.151528	12852:-14.292379	21479:-14.879913	2140:-15.165256	5588:-15.654731	76894:-15.665319	31174:-15.713467
2601	763	-0.000038281	763	-0.000038281	1	-18.165526048	-0.000038268	763:-0.000038	487:-11.158545	8631:-12.273836	35580:-12.442536	1:-13.505271	12268:-13.642126	498:-13.908260	54639:-14.110024	12649:-14.219670	7621:-14.233427	4241:-14.243946	2997:-14.676479	1170:-14.867081	11356:-14.983983	25:-15.383457	4961:-15.455767	1951:-15.582221	3079:-15.732417	1590:-15.753281	58:-15.759131
2602	498	-0.358034372	498	-0.358034372	1	-16.922537089	-0.358034328	498:-0.358034	4241:-1.246357	9774:-4.333508	328:-9.903112	819:-10.422901	313:-10.497922	15824:-10.581858	2958:-10.830697	2429:-11.450675	38067:-11.764166	220:-12.022624	15969:-12.079423	198:-12.229721	695:-12.262571	59670:-12.358597	75994:-12.502413	90581:-12.508173	5046:-12.615557	81123:-12.702008	9758:-12.855986
2603	198	-0.000222002	198	-0.000222002	1	-12.256272112	-0.000217247	198:-0.000222	328:-9.638335	271:-10.345455	34:-10.941054	32:-10.966029	2827:-11.001767	16:-11.325341	33:-11.391907	487:-12.019358	2918:-12.137107	248046:-12.256272	3158:-12.961007	19:-13.013973	15:-13.145686	3015:-13.207664	10339:-13.304549	35:-13.432671	17:-13.633487	36:-13.668589	1089:-13.676097
2604	262	-0.000209570	262	-0.000209570	1	-15.476321935	-0.000209380	262:-0.000210	220:-9.217075	406:-11.096698	256:-11.168201	1:-11.337898	257:-11.708024	61442:-11.746949	44773:-11.970421	28180:-12.055799	1031:-12.065004	285:-12.129681	328:-12.211643	71093:-13.000595	1089:-13.141988	2228:-13.437828	5690:-13.543733	309:-13.928734	60:-14.002515	197:-14.140050	32:-14.189108
2605	328	-0.000623912	328	-0.000623912	1	-18.481752604	-0.000623902	328:-0.000624	819:-8.229487	4241:-9.539543	7111:-9.647072	1535:-10.173380	498:-10.614215	220:-11.584587	10232:-11.616777	2823:-11.671539	357:-11.814245	9774:-11.854340	5036:-11.875307	417:-11.928127	313:-11.989593	2168:-12.025223	351:-12.057836	15430:-12.296198	5046:-12.317871	77182:-12.351980	74581:-12.401003
2606	33	-0.568303288	33	-0.568303288	1	-19.080941857	-0.568303283	33:-0.568303	32:-1.139787	34:-2.271360	35:-5.251050	36:-5.498515	37:-7.728254	39:-10.062257	38:-10.322520	42:-10.407500	51:-10.721901	44:-10.734235	49:-10.833045	40:-10.891528	65:-10.942222	57:-10.982263	55:-11.143694	66:-11.149089	53:-11.160470	50:-11.237924	54:-11.375441
2607	487	-0.006171089	487	-0.006171089	1	-16.529369693	-0.006171023	487:-0.006171	1:-5.100890	2129:-10.756121	198:-12.363240	11:-13.060305	7664:-13.271542	3544:-13.416199	1293:-13.437827	3158:-13.606112	504:-13.743543	4961:-14.029963	1639:-14.032657	1288:-14.207059	351:-14.220483	763:-14.241271	357:-14.421466	9059:-14.468970	10962:-14.623502	15738:-14.632670	59:-14.724857
2608	198	-0.000571246	198	-0.000571246	1	-12.546163554	-0.000567687	198:-0.000571	328:-7.567624	695:-10.075205	248046:-12.546164	357:-14.243878	1535:-14.785497	351:-14.811683	220:-14.822911	271:-14.968472	1088:-14.974553	32:-15.082801	2228:-15.138220	1:-15.282475	59:-15.336309	34:-15.487800	498:-15.665956	434:-15.881560	5690:-15.895172	256:-16.116931	819:-16.183064
2609	262	-0.000104198	262	-0.000104198	1	-14.120189915	-0.000103461	262:-0.000104	220:-10.593008	1:-10.600646	32:-11.875747	406:-12.126167	1076:-12.371181	285:-12.381456	257:-12.668334	28180:-12.679782	256:-12.831002	1031:-13.124097	71093:-13.159614	248069:-13.424325	27:-13.789993	197:-13.815158	309:-14.112039	248046:-14.120190	328:-14.315970	2228:-14.401678	44773:-14.421024
2610	328	-0.000030748	328	-0.000030748	1	-19.530318491	-0.000030745	328:-0.000031	1535:-12.011717	4241:-12.903843	7111:-13.292517	2823:-13.536078	357:-13.563603	10232:-13.848318	5036:-13.850167	15430:-13.940447	3544:-14.091686	819:-14.148033	6320:-14.343252	498:-14.425776	37431:-14.441693	5748:-14.495946	38591:-14.671695	11652:-14.700289	8728:-14.717575	6952:-14.731173	7018:-14.758273
2611	32	-0.079447704	32	-0.079447704	1	-20.542312818	-0.079447702	32:-0.079448	34:-3.352134	36:-3.830222	33:-4.600852	35:-5.032994	37:-5.867492	39:-10.233289	38:-10.347461	40:-11.087665	44:-11.120428	42:-11.229718	46:-11.569212	49:-11.670773	51:-11.937499	55:-12.192578	54:-12.220027	52:-12.361594	48:-12.379650	50:-12.395457	45:-12.594579
2612	487	-0.098942686	487	-0.098942686	1	-18.119505811	-0.098942672	487:-0.098943	1:-2.363389	2129:-11.535394	1293:-11.783491	458:-12.726053	7664:-12.774831	3544:-12.797753	74558:-12.929892	351:-12.963628	504:-12.967994	3158:-13.007328	198:-13.110375	44773:-13.317971	871:-13.608870	42418:-13.634925	9059:-13.635108	1288:-13.804371	83565:-13.810408	4961:-13.852742	328:-13.882700
2613	198	-0.000030546	198	-0.000030546	1	-14.666296987	-0.000030119	198:-0.000031	328:-11.110289	695:-11.237886	271:-14.207057	248046:-14.666297	2228:-15.949610	5690:-16.352371	11:-16.385167	351:-16.891042	248044:-16.942717	1116:-17.250653	34:-17.398220	1535:-17.455645	1031:-17.497620	220:-17.528402	653:-17.678474	1:-17.715294	487:-17.760425	434:-17.776965	36:-17.815231
2614	262	-0.000114520	262	-0.000114520	1	-15.124814112	-0.000114250	262:-0.000115	220:-9.610560	1:-11.925822	406:-11.983125	285:-12.350977	1076:-12.687838	1031:-12.701298	257:-13.241123	256:-13.357216	248069:-13.370249	34:-13.458205	71093:-13.779543	27:-13.996313	2228:-14.006774	309:-14.033915	197:-14.215509	36:-14.239804	37:-14.655710	44773:-14.844315	5690:-14.949896
2615	328	-0.000463343	328	-0.000463343	1	-18.620309687	-0.000463335	328:-0.000463	1535:-9.213639	4241:-9.393629	7111:-9.542061	819:-10.560762	498:-11.297397	313:-11.681238	3544:-11.745119	5046:-11.823586	2823:-11.838737	10232:-12.036626	5036:-12.077373	15430:-12.287102	6320:-12.287460	37431:-12.389397	351:-12.487682	3919:-12.491865	74581:-12.494154	458:-12.760950	9774:-12.840965
2616	34	-0.572609825	34	-0.572609825	1	-18.944431228	-0.572609819	34:-0.572610	36:-1.188001	33:-2.635156	35:-3.489461	32:-4.187741	37:-4.394456	38:-8.021694	39:-8.186941	42:-9.639898	44:-9.872291	40:-10.157121	46:-10.352218	49:-10.499117	55:-10.781583	51:-10.789048	52:-10.909052	45:-11.121412	43:-11.144704	47:-11.233205	50:-11.283454
2617	1	-0.532769711	1	-0.532769711	1	-17.965005429	-0.532769695	1:-0.532770	487:-0.884916	2129:-10.737771	1293:-10.994350	198:-11.249650	7664:-11.904713	74558:-11.955874	42418:-12.115343	828:-12.308992	4961:-12.334136	3158:-12.358331	458:-12.360351	2918:-12.559341	504:-12.592866	871:-12.713840	328:-12.762535	3544:-12.945903	6:-12.991956	11:-13.042411	1288:-13.053320
2618	198	-0.000020967	198	-0.000020967	1	-11.010879503	-0.000004446	198:-0.000021	248046:-11.010880	695:-14.068430	1089:-15.086020	271:-15.109169	2228:-15.675084	220:-15.719854	16:-15.761727	18:-15.774647	22:-16.099903	1031:-16.174703	3709:-16.459625	10339:-16.511503	5690:-16.596851	15:-16.633820	1076:-16.662268	1116:-16.681137	413:-16.720480	23:-16.761925	256:-17.194765
2619	220	-0.000282474	220	-0.000282474	1	-12.026738353	-0.000276492	220:-0.000282	1089:-9.442928	262:-9.799381	2228:-10.679331	11:-11.073128	1031:-11.328198	10339:-11.409506	71093:-11.778053	695:-11.961811	248046:-12.026738	487:-12.195818	256:-12.263230	5690:-12.710211	60:-12.913296	248069:-12.924259	1076:-13.098547	2069:-13.123388	58:-13.253285	18:-13.490605	198:-13.675533
2620	10339	-0.000137540	10339	-0.000137540	1	-16.286666127	-0.000137456	10339:-0.000138	2205:-9.086653	328:-12.077463	2390:-12.598326	1089:-12.609470	6667:-12.753394	7664:-13.040031	12707:-13.815253	3544:-13.821955	1116:-13.977351	19831:-14.505516	220:-14.915930	1088:-15.554682	34461:-15.589076	91278:-16.032772	248046:-16.286666	39815:-16.518463	32702:-16.665539	76818:-16.841236	4241:-16.886027
2621	198	-0.000050789	198	-0.000050789	1	-10.347548729	-0.000018717	198:-0.000051	248046:-10.347549	271:-12.248782	695:-12.500416	2228:-13.629144	1:-14.049297	59:-14.094919	328:-14.653311	220:-15.194318	1358:-15.342585	487:-15.639066	248044:-15.743015	16:-15.924405	11:-15.935416	1088:-15.950467	256:-16.137225	1076:-16.147389	5690:-16.155602	23:-16.234979	24:-16.385651
2622	220	-0.000423419	220	-0.000423419	1	-13.587985980	-0.000422163	220:-0.000423	1:-8.862596	4958:-9.288677	328:-9.722797	262:-10.203403	2228:-11.158722	256:-11.715517	92:-11.717987	75555:-12.625310	406:-12.789558	8934:-12.847996	197:-13.231457	68:-13.378906	248046:-13.587986	487:-13.646971	695:-13.784577	71093:-14.121876	15:-14.238491	285:-14.264238	248069:-14.323160
2623	328	-0.000017172	328	-0.000017172	1	-16.125053411	-0.000017072	328:-0.000017	7018:-13.097490	75555:-13.521190	1535:-13.649998	4241:-13.788849	220:-14.093549	3514:-14.100980	8728:-14.365060	12880:-14.713580	5036:-14.926935	5687:-14.935388	5046:-15.073738	2823:-15.099998	173976:-15.113171	10232:-15.166630	6320:-15.207455	3405:-15.228790	1001:-15.378302	6421:-15.499945	37431:-15.510127
2624	4958	-0.000082708	4958	-0.000082708	1	-19.016831136	-0.000082703	4958:-0.000083	1767:-10.959193	75555:-11.489349	32983:-12.463701	68:-12.582790	325:-12.785229	4104:-12.930502	9082:-13.354323	2987:-13.415047	44473:-13.596491	268:-13.718714	16:-13.792658	71497:-13.804373	42266:-13.944558	56877:-14.186125	50947:-14.209939	13259:-14.302458	4873:-14.349569	3059:-14.384690	1405:-14.464406
2625	2399	-0.000178006	2399	-0.000178006	1	-20.189784672	-0.000178004	2399:-0.000178	20782:-9.607818	12404:-9.778622	823:-11.352967	291:-11.620157	19669:-12.687319	3111:-12.713343	399:-12.854005	662:-12.959774	18114:-13.003766	3079:-13.159589	31811:-13.790871	1753:-14.040459	2203:-14.155495	13499:-14.234310	7365:-14.310424	2567:-14.446555	20706:-14.485184	49423:-14.607493	7317:-14.690642
2626	3079	-0.000015163	3079	-0.000015163	1	-18.604902172	-0.000015155	3079:-0.000015	2427:-12.120611	1698:-12.663089	1767:-13.743807	4356:-14.882505	25730:-14.927796	7621:-15.015106	14251:-15.092271	763:-15.218553	15510:-15.382506	25146:-15.452154	62:-15.679528	1:-16.021336	648:-16.026616	73150:-16.110701	10467:-16.131475	8973:-16.162110	42266:-16.323269	49066:-16.402077	11198:-16.626856
2627	763	-0.000013102	763	-0.000013102	1	-17.863202799	-0.000013084	763:-0.000013	1:-11.825395	18:-13.555923	11356:-14.444377	12649:-14.677091	3147:-14.749443	1170:-14.949891	54639:-15.210624	4961:-15.326320	25:-15.423249	731:-15.468899	42418:-16.153399	43143:-16.154791	8631:-16.292356	487:-16.543793	3158:-16.663103	16:-16.726280	17:-16.737062	220:-16.814455	8934:-16.943659
2628	220	-0.000068368	220	-0.000068368	1	-12.531976404	-0.000064759	220:-0.000068	328:-10.607748	18:-11.211452	498:-11.748165	819:-12.109819	248046:-12.531976	695:-12.758320	198:-13.053283	4241:-13.246608	313:-13.955766	471:-14.466771	2958:-14.624389	5046:-15.466362	1324:-15.526923	197:-15.715579	1535:-15.718229	804:-15.855717	256:-15.998233	59670:-16.039552	2702:-16.145327
2629	18	-0.000581294	18	-0.000581294	1	-15.678952723	-0.000581138	18:-0.000581	17:-8.219154	16:-8.822809	15:-9.655326	19:-10.207225	22:-10.689016	21:-11.030465	20:-11.386694	24:-11.712084	23:-12.493688	220:-14.625467	248046:-15.678953	198:-16.121978	197:-18.504979	46701:-18.743708	248044:-19.034104	328:-19.245304	1143:-19.326618	58:-19.389566	1076:-19.480489
2630	198	-0.000383353	198	-0.000383353	1	-7.973392463	-0.000038786	198:-0.000383	248046:-7.973392	11:-10.531280	92:-12.332355	13488:-13.917929	271:-14.064545	15:-14.093674	695:-14.164999	1:-14.865787	16:-14.904699	8934:-14.996281	17:-15.184885	2228:-15.230886	13:-15.293554	24:-15.543179	22:-15.695032	333:-15.969276	6987:-16.015764	23:-16.030012	21:-16.192420
2631	92	-0.000271052	92	-0.000271052	1	-9.033912867	-0.000151750	92:-0.000271	248046:-9.033913	333:-10.545750	1:-10.755316	9571:-10.866455	8934:-11.357285	60:-11.491277	220:-11.557435	14728:-11.946640	198:-12.559838	262:-12.613127	3307:-12.895944	2069:-13.159895	5368:-13.256546	27:-13.400717	24634:-13.590970	11325:-13.692460	10738:-13.818281	2228:-13.845990	828:-13.954373
2632	248046	-0.000028175	248046	-0.000028175	1	-0.000028175	nan	248046:-0.000028	198:-11.195064	271:-11.352455	1358:-14.204687	27:-15.160861	63:-15.890100	60:-15.989809	92:-16.145471	987:-16.308959	8934:-16.414421	1293:-16.418432	333:-16.865975	188:-16.923380	12237:-16.971881	2918:-17.119060	621:-17.198200	4754:-17.516696	828:-17.517339	71093:-17.684999	510:-17.788192
